{
  "gemm-flops/bf16_tc_flops": 265900.55,
  "gemm-flops/fp16_flops": 33858.0635,
  "gemm-flops/fp16_tc_flops": 280435.1458,
  "gemm-flops/fp32_flops": 18353.002,
  "gemm-flops/fp64_flops": 9030.9323,
  "gemm-flops/fp64_tc_flops": 18947.2453,
  "gemm-flops/int4_tc_iops": 975854.4755,
  "gemm-flops/int8_tc_iops": 473072.78125,
  "gemm-flops/return_code": 0,
  "gemm-flops/tf32_tc_flops": 128225.0141,
  "ib-loopback/ib_write_8388608_ib0_bw": 23.68471956,
  "ib-loopback/ib_write_8388608_ib1_bw": 23.68471956,
  "ib-loopback/ib_write_8388608_ib2_bw": 23.68471956,
  "ib-loopback/ib_write_8388608_ib3_bw": 23.68471956,
  "ib-loopback/ib_write_8388608_ib4_bw": 23.68471956,
  "ib-loopback/ib_write_8388608_ib5_bw": 23.68471956,
  "ib-loopback/ib_write_8388608_ib6_bw": 23.68471956,
  "ib-loopback/ib_write_8388608_ib7_bw": 23.68471956,
  "ib-loopback/return_code": 0,
  "kernel-launch/event_time": 0.0057,
  "kernel-launch/return_code": 0,
  "kernel-launch/wall_time": 0.0096,
  "mem-bw/d2h_bw": 26.0322,
  "mem-bw/h2d_bw": 25.9247,
  "mem-bw/return_code": 0,
  "nccl-bw/allreduce_8589934592_algbw": 134.3119,
  "nccl-bw/allreduce_8589934592_busbw": 235.0457,
  "nccl-bw/allreduce_8589934592_time": 65263.0237,
  "nccl-bw/return_code": 0,
  "gpt_models/pytorch-gpt2-large/return_code": 0,
  "gpt_models/pytorch-gpt2-large/fp32_train_throughput": 27.2,
  "gpt_models/pytorch-gpt2-large/fp16_train_throughput": 41.8
}
